,kind,title,htmlTitle,link,displayLink,snippet,htmlSnippet,formattedUrl,htmlFormattedUrl,pagemap.cse_thumbnail,pagemap.metatags,pagemap.cse_image
0,customsearch#result,Thông báo,Thông báo,https://thads.moj.gov.vn/noidung/thongbao/Pages/tbbc.aspx,thads.moj.gov.vn,... tuyển dụng công chức trong Hệ thống THADS năm 2024 · Thông báo kết quả thi vòng 1 và triệu tập thí sinh đủ điều kiện dự thi vòng 2 Kỳ tuyển dụng công chức ...,... <b>tuyển dụng</b> công chức trong Hệ thống THADS năm <b>2024</b> &middot; Thông báo kết quả thi vòng 1 và triệu tập thí sinh đủ điều kiện dự thi vòng 2 Kỳ <b>tuyển dụng</b> công chức&nbsp;...,https://thads.moj.gov.vn/noidung/thongbao/Pages/tbbc.aspx,https://thads.moj.gov.vn/noidung/thongbao/Pages/tbbc.aspx,"[{'src': 'https://encrypted-tbn0.gstatic.com/images?q=tbn:ANd9GcTpTnjgECQiLQUyNlu4kksmtPzyJ6bfKiWI38nOKeEr4ja-1puLfLfCsA&s', 'width': '220', 'height': '100'}]","[{'viewport': 'width=device-width, initial-scale=1'}]",[{'src': 'https://tinnhiemmang.vn/handle_cert?id=thads.moj.gov.vn'}]
1,customsearch#result,Thông báo Tuyển dụng công chức Bộ Tư pháp năm 2024 theo Nghị ...,Thông báo <b>Tuyển dụng</b> công chức Bộ Tư pháp năm <b>2024</b> theo Nghị ...,https://moj.gov.vn/qt/thongbao/Pages/thong-bao.aspx?ItemID=2609,moj.gov.vn,Thông báo Tuyển dụng công chức Bộ Tư pháp năm 2024 theo Nghị định số 140/2017/NĐ-CP · Thông báo Chương trình học bổng dành cho lãnh đạo trẻ (YLP) năm 2025 của ...,Thông báo <b>Tuyển dụng</b> công chức Bộ Tư pháp năm <b>2024</b> theo Nghị định số 140/2017/NĐ-CP &middot; Thông báo Chương trình học bổng dành cho lãnh đạo trẻ (YLP) năm 2025 của&nbsp;...,https://moj.gov.vn/qt/thongbao/Pages/thong-bao.aspx?ItemID=2609,https://moj.gov.vn/qt/thongbao/Pages/thong-bao.aspx?ItemID=2609,"[{'src': 'https://encrypted-tbn0.gstatic.com/images?q=tbn:ANd9GcR8D2wkhRxpLUkCxGl-9bRySaOH1Kdd3oqoalXoC7GJa_ZDkohRvXF8yA&s=0', 'width': '143', 'height': '107'}]","[{'viewport': 'width=device-width, initial-scale=1'}]",[{'src': 'https://moj.gov.vn/qt/hinhanhvideo/ThuVienAnh/01824%20dat%20dai%20(3).jpg'}]
2,customsearch#result,Thông báo tuyển dụng công chức trong Hệ thống thi hành án dân ...,Thông báo <b>tuyển dụng</b> công chức trong Hệ thống thi hành án dân ...,https://moj.gov.vn/qt/thongbao/Pages/thong-bao.aspx?ItemID=2615,moj.gov.vn,Chi tiết xem tài liệu đính kèm./. File đính kèm. 1. Thông báo tuyển dụng Hệ thống THADS năm 2024.pdf · 2. Chỉ tiêu thi ...,Chi tiết xem tài liệu đính kèm./. File đính kèm. 1. Thông báo <b>tuyển dụng</b> Hệ thống THADS năm <b>2024</b>.pdf &middot; 2. Chỉ tiêu thi&nbsp;...,https://moj.gov.vn/qt/thongbao/Pages/thong-bao.aspx?ItemID=2615,https://moj.gov.vn/qt/thongbao/Pages/thong-bao.aspx?ItemID=2615,"[{'src': 'https://encrypted-tbn0.gstatic.com/images?q=tbn:ANd9GcR8D2wkhRxpLUkCxGl-9bRySaOH1Kdd3oqoalXoC7GJa_ZDkohRvXF8yA&s=0', 'width': '143', 'height': '107'}]","[{'viewport': 'width=device-width, initial-scale=1'}]",[{'src': 'https://moj.gov.vn/qt/hinhanhvideo/ThuVienAnh/01824%20dat%20dai%20(3).jpg'}]
3,customsearch#result,Tổng Cục Thi hành án dân sự thông báo số 62/TB-TCTHADS ngày ...,Tổng Cục Thi hành án dân sự thông báo số 62/TB-TCTHADS ngày ...,https://thads.moj.gov.vn/bentre/noidung/thongbao/lists/thongbao/view_detail.aspx?itemid=79,thads.moj.gov.vn,Tổng Cục Thi hành án dân sự thông báo số 62/TB-TCTHADS ngày 06/3/2024 về việc tuyển dụng công chức trong Hệ thống thi hành án dân sự năm 2024. 07/03/2024.,Tổng Cục Thi hành án dân sự thông báo số 62/TB-TCTHADS ngày 06/3/<b>2024</b> về việc <b>tuyển dụng</b> công chức trong Hệ thống thi hành án dân sự năm <b>2024</b>. 07/03/<b>2024</b>.,https://thads.moj.gov.vn/bentre/noidung/thongbao/lists/.../view_detail.aspx?...,https://thads.moj.gov.vn/bentre/noidung/thongbao/lists/.../view_detail.aspx?...,,,
4,customsearch#result,thông báo tuyển dụng công chức trong hệ thống thads năm 2024,thông báo <b>tuyển dụng</b> công chức trong hệ thống thads năm <b>2024</b>,https://thads.moj.gov.vn/tphochiminh/noidung/thongbao/lists/thongbao/view_detail.aspx?itemid=531,thads.moj.gov.vn,"Mar 7, 2024 ... THÔNG BÁO TUYỂN DỤNG CÔNG CHỨC TRONG HỆ THỐNG THADS NĂM 2024 ... Địa chỉ: 372A Nguyễn Văn Lượng, Phường 16, Quận Gò Vấp, TP.HCM. Điện thoại: ...","Mar 7, 2024 <b>...</b> THÔNG BÁO <b>TUYỂN DỤNG</b> CÔNG CHỨC TRONG HỆ THỐNG THADS NĂM <b>2024</b> ... Địa chỉ: 372A Nguyễn Văn Lượng, Phường 16, Quận Gò Vấp, TP.HCM. Điện thoại:&nbsp;...",https://thads.moj.gov.vn/tphochiminh/noidung/.../lists/.../view_detail.aspx?...,https://thads.moj.gov.vn/tphochiminh/noidung/.../lists/.../view_detail.aspx?...,,,
5,customsearch#result,Thông báo Tuyển dụng công chức Tổng cục Thi hành án dân sự ...,Thông báo <b>Tuyển dụng</b> công chức Tổng cục Thi hành án dân sự ...,https://moj.gov.vn/qt/thongbao/Pages/thong-bao.aspx?ItemID=2306,moj.gov.vn,"Địa chỉ: 60 Trần Phú, Ba Đình, Hà Nội. Điện thoại: 024.62739718 - Fax: 024.62739359. Email: banbientap@moj.gov.vn; cntt@moj.gov.vn.","Địa chỉ: 60 Trần Phú, Ba Đình, Hà Nội. Điện thoại: 024.62739718 - Fax: 024.62739359. Email: banbientap@moj.gov.vn; cntt@moj.gov.vn.",https://moj.gov.vn/qt/thongbao/Pages/thong-bao.aspx?ItemID=2306,https://moj.gov.vn/qt/thongbao/Pages/thong-bao.aspx?ItemID=2306,"[{'src': 'https://encrypted-tbn0.gstatic.com/images?q=tbn:ANd9GcQJwSn8tK-7ogjZlMcKeI5rI76nQyYhHMsm8aFFjJaWMKVoBLhKaepLNBo&s=0', 'width': '143', 'height': '95'}]","[{'viewport': 'width=device-width, initial-scale=1'}]",[{'src': 'https://moj.gov.vn/qt/hinhanhvideo/ThuVienAnh/31724%20tccb%20(1).jpg'}]
6,customsearch#result,cổng thông tin điện tử tổng cục thi hành án dân sự,cổng thông tin điện tử tổng cục thi hành án dân sự,https://thads.moj.gov.vn/noidung/thongbao/Pages/chi-tiet-thong-bao.aspx?itemid=200&url=/noidung/thongbao/Lists/ThongBaoVeThiHanhAn,thads.moj.gov.vn,Kết quả tuyển dụng và công nhận kết quả trúng tuyển công chức Tổng cục Thi hành án dân sự năm 2023 theo Nghị định số 140/2017/NĐ-CP. File đính kèm.,Kết quả <b>tuyển dụng</b> và công nhận kết quả trúng tuyển công chức Tổng cục Thi hành án dân sự năm 2023 theo Nghị định số 140/2017/NĐ-CP. File đính kèm.,https://thads.moj.gov.vn/noidung/thongbao/.../chi-tiet-thong-bao.aspx?...,https://thads.moj.gov.vn/noidung/thongbao/.../chi-tiet-thong-bao.aspx?...,"[{'src': 'https://encrypted-tbn0.gstatic.com/images?q=tbn:ANd9GcTpTnjgECQiLQUyNlu4kksmtPzyJ6bfKiWI38nOKeEr4ja-1puLfLfCsA&s', 'width': '220', 'height': '100'}]","[{'viewport': 'width=device-width, initial-scale=1'}]",[{'src': 'https://tinnhiemmang.vn/handle_cert?id=thads.moj.gov.vn'}]
7,customsearch#result,Thông báo tuyển dụng viên chức Trung tâm Trợ giúp pháp lý Nhà ...,Thông báo <b>tuyển dụng</b> viên chức Trung tâm Trợ giúp pháp lý Nhà ...,https://www.moj.gov.vn/qt/thongbao/Pages/thong-bao.aspx?ItemID=2668,www.moj.gov.vn,Thông báo tuyển dụng viên chức Trung tâm Trợ giúp pháp lý Nhà nước năm 2024 · KH. TUYEN DUNG VIEN CHUC TRUNG TAM TGPL NHA NUOC 27.5.docx · signed-signed-kh. tuyen ...,Thông báo <b>tuyển dụng</b> viên chức Trung tâm Trợ giúp pháp lý Nhà nước năm <b>2024</b> &middot; KH. TUYEN DUNG VIEN CHUC TRUNG TAM TGPL NHA NUOC 27.5.docx &middot; signed-signed-kh. tuyen&nbsp;...,https://www.moj.gov.vn/qt/thongbao/Pages/thong-bao.aspx?ItemID=2668,https://www.moj.gov.vn/qt/thongbao/Pages/thong-bao.aspx?ItemID=2668,"[{'src': 'https://encrypted-tbn0.gstatic.com/images?q=tbn:ANd9GcSyT1nwPVk-ShsyH92ZZ9bKDe6NqFUAW_uU5lObdC-dnwRYmZZUDz6DMjs&s=0', 'width': '143', 'height': '107'}]","[{'viewport': 'width=device-width, initial-scale=1'}]",[{'src': 'https://www.moj.gov.vn/qt/hinhanhvideo/ThuVienAnh/01824%20dat%20dai%20(3).jpg'}]
8,customsearch#result,Thông báo tuyển dụng công chức vị trí kế toán Bộ Tư pháp năm 2024,Thông báo <b>tuyển dụng</b> công chức vị trí kế toán Bộ Tư pháp năm <b>2024</b>,https://www.moj.gov.vn/qt/thongbao/Pages/thong-bao.aspx?ItemID=2649,www.moj.gov.vn,Thông báo tuyển dụng công chức vị trí kế toán Bộ Tư pháp năm 2024 · Thông báo kết quả thi Vòng 1 và triệu tập thí sinh thi Vòng 2 kỳ tuyển dụng công chức vị trí ...,Thông báo <b>tuyển dụng</b> công chức vị trí kế toán Bộ Tư pháp năm <b>2024</b> &middot; Thông báo kết quả thi Vòng 1 và triệu tập thí sinh thi Vòng 2 kỳ <b>tuyển dụng</b> công chức vị trí&nbsp;...,https://www.moj.gov.vn/qt/thongbao/Pages/thong-bao.aspx?ItemID=2649,https://www.moj.gov.vn/qt/thongbao/Pages/thong-bao.aspx?ItemID=2649,"[{'src': 'https://encrypted-tbn0.gstatic.com/images?q=tbn:ANd9GcSbJ4Hz4YQwCY50YlNdi9enyJKkjcafhAAqTjW4ZPgI0P1HS946TPsatg&s=0', 'width': '143', 'height': '97'}]","[{'viewport': 'width=device-width, initial-scale=1'}]",[{'src': 'https://www.moj.gov.vn/qt/hinhanhvideo/ThuVienAnh/30724thuy.jpg'}]
9,customsearch#result,Thông báo tuyển dụng hệ thống THADS năm 2024,Thông báo <b>tuyển dụng</b> hệ thống THADS năm <b>2024</b>,https://thads.moj.gov.vn/laocai/noidung/thongbao/lists/thongbao/view_detail.aspx?itemid=124,thads.moj.gov.vn,"Mar 12, 2024 ... Thông báo tuyển dụng hệ thống THADS năm 2024 · 1. Thông báo tuyển dụng Hệ thống THADS năm 2024.pdf · 2. Chỉ tiêu thi tuyển Tổng cục THADS.pdf ...","Mar 12, 2024 <b>...</b> Thông báo <b>tuyển dụng</b> hệ thống THADS năm <b>2024</b> &middot; 1. Thông báo <b>tuyển dụng</b> Hệ thống THADS năm <b>2024</b>.pdf &middot; 2. Chỉ tiêu thi tuyển Tổng cục THADS.pdf&nbsp;...",https://thads.moj.gov.vn/laocai/noidung/thongbao/lists/.../view_detail.aspx?...,https://thads.moj.gov.vn/laocai/noidung/thongbao/lists/.../view_detail.aspx?...,,,
10,customsearch#result,Thông báo,Thông báo,https://thads.moj.gov.vn/tayninh/noidung/thongbao/lists/thongbao/view_detail.aspx,thads.moj.gov.vn,... 2024 của Cục THADS tỉnh Tây Ninh) (07/03/2024). THÔNG BÁO về việc tuyển dụng công chức trong Hệ thống Thi hành án dân sự năm 2024 (06/03/2024). CỤC THADS TỈNH ...,... <b>2024</b> của Cục THADS tỉnh Tây Ninh) (07/03/<b>2024</b>). THÔNG BÁO về việc <b>tuyển dụng</b> công chức trong Hệ thống Thi hành án dân sự năm <b>2024</b> (06/03/<b>2024</b>). CỤC THADS TỈNH&nbsp;...,https://thads.moj.gov.vn/tayninh/noidung/thongbao/lists/.../view_detail.aspx,https://thads.moj.gov.vn/tayninh/noidung/thongbao/lists/.../view_detail.aspx,,,
11,customsearch#result,Thông báo Kết quả tuyển dụng và công nhận kết quả trúng tuyển ...,Thông báo Kết quả <b>tuyển dụng</b> và công nhận kết quả trúng tuyển ...,https://www.moj.gov.vn/qt/thongbao/Pages/thong-bao.aspx?ItemID=2663,www.moj.gov.vn,Thông báo Kết quả tuyển dụng và công nhận kết quả trúng tuyển công chức Bộ Tư pháp năm 2024 theo Nghị định số 140/2017/NĐ-CP.,Thông báo Kết quả <b>tuyển dụng</b> và công nhận kết quả trúng tuyển công chức Bộ Tư pháp năm <b>2024</b> theo Nghị định số 140/2017/NĐ-CP.,https://www.moj.gov.vn/qt/thongbao/Pages/thong-bao.aspx?ItemID=2663,https://www.moj.gov.vn/qt/thongbao/Pages/thong-bao.aspx?ItemID=2663,"[{'src': 'https://encrypted-tbn0.gstatic.com/images?q=tbn:ANd9GcROPt8tw19bzdINXjk918yG5UfBwdN2S4mNUFIymC8oYEBaKdpANgWf1tE&s', 'width': '264', 'height': '191'}]","[{'viewport': 'width=device-width, initial-scale=1'}]",[{'src': 'https://www.moj.gov.vn/qt/hinhanhvideo/ThuVienAnh/26.7.2024.vbcsm.chung%20cu.jpg'}]
12,customsearch#result,Thông báo tuyển dụng công chức trong Hệ thống THADS năm 2024,Thông báo <b>tuyển dụng</b> công chức trong Hệ thống THADS năm <b>2024</b>,https://thads.moj.gov.vn/tuyenquang/noidung/thongbao/lists/thongbao/view_detail.aspx?itemid=1699,thads.moj.gov.vn,"Mar 7, 2024 ... Thông báo tuyển dụng công chức trong Hệ thống THADS năm 2024 · Chỉ tiêu thi tuyển các cơ quan THADS.pdf · Chỉ tiêu thi tuyển Tổng cục THADS.pdf ...","Mar 7, 2024 <b>...</b> Thông báo <b>tuyển dụng</b> công chức trong Hệ thống THADS năm <b>2024</b> &middot; Chỉ tiêu thi tuyển các cơ quan THADS.pdf &middot; Chỉ tiêu thi tuyển Tổng cục THADS.pdf&nbsp;...",https://thads.moj.gov.vn/tuyenquang/noidung/.../lists/.../view_detail.aspx?...,https://thads.moj.gov.vn/tuyenquang/noidung/.../lists/.../view_detail.aspx?...,,,
13,customsearch#result,thông báo tuyển dụng công chức trong hệ thống thads năm 2024,thông báo <b>tuyển dụng</b> công chức trong hệ thống thads năm <b>2024</b>,https://thads.moj.gov.vn/lamdong/noidung/thongbao/lists/thongbao/view_detail.aspx?itemid=312,thads.moj.gov.vn,"Mar 8, 2024 ... THÔNG BÁO TUYỂN DỤNG CÔNG CHỨC TRONG HỆ THỐNG THADS NĂM 2024 · 1. Thông báo tuyển dụng Hệ thống THADS năm 2024 (1).pdf · 2. Chỉ tiêu thi tuyển ...","Mar 8, 2024 <b>...</b> THÔNG BÁO <b>TUYỂN DỤNG</b> CÔNG CHỨC TRONG HỆ THỐNG THADS NĂM <b>2024</b> &middot; 1. Thông báo <b>tuyển dụng</b> Hệ thống THADS năm <b>2024</b> (1).pdf &middot; 2. Chỉ tiêu thi tuyển&nbsp;...",https://thads.moj.gov.vn/lamdong/noidung/thongbao/.../view_detail.aspx?...,https://thads.moj.gov.vn/lamdong/noidung/thongbao/.../view_detail.aspx?...,,,
14,customsearch#result,Thông báo về việc tuyển dụng công chức theo Thông báo tuyển ...,Thông báo về việc <b>tuyển dụng</b> công chức theo Thông báo tuyển ...,https://thads.moj.gov.vn/haiphong/noidung/thongbao/lists/thongbao/view_detail.aspx?itemid=472,thads.moj.gov.vn,"Thông báo về việc tuyển dụng công chức theo Thông báo tuyển dụng công chức trong Hệ thống THADS năm 2024. 08/03/2024. Quá trình mở file có vấn đề, bạn hãy ...","Thông báo về việc <b>tuyển dụng</b> công chức theo Thông báo <b>tuyển dụng</b> công chức trong Hệ thống THADS năm <b>2024</b>. 08/03/<b>2024</b>. Quá trình mở file có vấn đề, bạn hãy&nbsp;...",https://thads.moj.gov.vn/haiphong/noidung/thongbao/.../view_detail.aspx?...,https://thads.moj.gov.vn/haiphong/noidung/thongbao/.../view_detail.aspx?...,,,
15,customsearch#result,thông báo tuyển dụng công chức trong hệ thống thi hành án dân sự ...,thông báo <b>tuyển dụng</b> công chức trong hệ thống thi hành án dân sự ...,https://thads.moj.gov.vn/ninhbinh/noidung/thongbao/lists/thongbao/view_detail.aspx?itemid=65,thads.moj.gov.vn,THÔNG BÁO TUYỂN DỤNG CÔNG CHỨC TRONG HỆ THỐNG THI HÀNH ÁN DÂN SỰ NĂM 2024. 12/03/2024. File đính kèm. 1. Thông báo tuyển dụng Hệ thống THADS năm 2024.pdf ...,THÔNG BÁO <b>TUYỂN DỤNG</b> CÔNG CHỨC TRONG HỆ THỐNG THI HÀNH ÁN DÂN SỰ NĂM <b>2024</b>. 12/03/<b>2024</b>. File đính kèm. 1. Thông báo <b>tuyển dụng</b> Hệ thống THADS năm <b>2024</b>.pdf&nbsp;...,https://thads.moj.gov.vn/ninhbinh/noidung/thongbao/.../view_detail.aspx?...,https://thads.moj.gov.vn/ninhbinh/noidung/thongbao/.../view_detail.aspx?...,,,
16,customsearch#result,Thông báo,Thông báo,https://thads.moj.gov.vn/noidung/thongbao/Pages/chi-tiet-thong-bao.aspx?itemid=541&url=/noidung/thongbao/Lists/ThongBaoKhac,thads.moj.gov.vn,Thông báo tuyển dụng công chức trong Hệ thống THADS năm 2024. Vụ TCCB. File đính kèm. 1. Thông báo tuyển dụng Hệ thống THADS năm 2024.pdf · 2.,Thông báo <b>tuyển dụng</b> công chức trong Hệ thống THADS năm <b>2024</b>. Vụ TCCB. File đính kèm. 1. Thông báo <b>tuyển dụng</b> Hệ thống THADS năm <b>2024</b>.pdf &middot; 2.,https://thads.moj.gov.vn/noidung/thongbao/.../chi-tiet-thong-bao.aspx?...,https://thads.moj.gov.vn/noidung/thongbao/.../chi-tiet-thong-bao.aspx?...,"[{'src': 'https://encrypted-tbn0.gstatic.com/images?q=tbn:ANd9GcTpTnjgECQiLQUyNlu4kksmtPzyJ6bfKiWI38nOKeEr4ja-1puLfLfCsA&s', 'width': '220', 'height': '100'}]","[{'viewport': 'width=device-width, initial-scale=1'}]",[{'src': 'https://tinnhiemmang.vn/handle_cert?id=thads.moj.gov.vn'}]
17,customsearch#result,Thông báo tuyển dụng công chức trong Hệ thống THADS năm 2024,Thông báo <b>tuyển dụng</b> công chức trong Hệ thống THADS năm <b>2024</b>,https://thads.moj.gov.vn/travinh/noidung/thongbao/lists/thongbao/view_detail.aspx?itemid=199,thads.moj.gov.vn,"Mar 7, 2024 ... Thông báo tuyển dụng công chức trong Hệ thống THADS năm 2024 · Quy định việc lập dự toán, quản lý và sử dụng kinh phí thực hiện các hoạt động ...","Mar 7, 2024 <b>...</b> Thông báo <b>tuyển dụng</b> công chức trong Hệ thống THADS năm <b>2024</b> &middot; Quy định việc lập dự toán, quản lý và sử dụng kinh phí thực hiện các hoạt động&nbsp;...",https://thads.moj.gov.vn/travinh/noidung/thongbao/.../view_detail.aspx?...,https://thads.moj.gov.vn/travinh/noidung/thongbao/.../view_detail.aspx?...,,,
18,customsearch#result,Thông báo số 134/CTHADS-TB ngày 12/3/2024 về việc tuyển dụng ...,Thông báo số 134/CTHADS-TB ngày 12/3/<b>2024</b> về việc <b>tuyển dụng</b> ...,https://thads.moj.gov.vn/binhdinh/noidung/thongbao/lists/thongbao/view_detail.aspx?itemid=348,thads.moj.gov.vn,"Mar 7, 2024 ... Thông báo số 134/CTHADS-TB ngày 12/3/2024 về việc tuyển dụng công chức năm 2024 của Cục Thi hành án dân sự tỉnh Bình Định ... Địa chỉ : 21 Nguyễn ...","Mar 7, 2024 <b>...</b> Thông báo số 134/CTHADS-TB ngày 12/3/<b>2024</b> về việc <b>tuyển dụng</b> công chức năm <b>2024</b> của Cục Thi hành án dân sự tỉnh Bình Định ... Địa chỉ : 21 Nguyễn&nbsp;...",https://thads.moj.gov.vn/binhdinh/noidung/thongbao/.../view_detail.aspx?...,https://thads.moj.gov.vn/binhdinh/noidung/thongbao/.../view_detail.aspx?...,,,
19,customsearch#result,Thông báo tuyển dụng công chức trong hệ thống thi hành án dân sự ...,Thông báo <b>tuyển dụng</b> công chức trong hệ thống thi hành án dân sự ...,https://thads.moj.gov.vn/angiang/noidung/thongbao/lists/thongbao/view_detail.aspx?itemid=272,thads.moj.gov.vn,"Mar 12, 2024 ... Thông báo tuyển dụng Hệ thống THADS năm 2024.pdf · 612-2. Chỉ tiêu thi tuyển Tổng cục THADS.pdf · 612-3. Chỉ tiêu thi tuyển các cơ quan THADS.","Mar 12, 2024 <b>...</b> Thông báo <b>tuyển dụng</b> Hệ thống THADS năm <b>2024</b>.pdf &middot; 612-2. Chỉ tiêu thi tuyển Tổng cục THADS.pdf &middot; 612-3. Chỉ tiêu thi tuyển các cơ quan THADS.",https://thads.moj.gov.vn/angiang/noidung/thongbao/.../view_detail.aspx?...,https://thads.moj.gov.vn/angiang/noidung/thongbao/.../view_detail.aspx?...,,,
20,customsearch#result,Thông báo tuyển dụng công chức trong hệ thống Thi hành án dân ...,Thông báo <b>tuyển dụng</b> công chức trong hệ thống Thi hành án dân ...,https://thads.moj.gov.vn/bacgiang/noidung/tintuc/lists/hoatdongcuacuc/view_detail.aspx?itemid=234,thads.moj.gov.vn,"Mar 7, 2024 ... (Điều kiện và vị trí tuyển dụng cụ thể tại Thông báo số 62/TB-TCTHADS ngày 6/3/2024 của Tổng cục Thi hành án dân sự (THADS) được đăng tải trên ...","Mar 7, 2024 <b>...</b> (Điều kiện và vị trí <b>tuyển dụng</b> cụ thể tại Thông báo số 62/TB-TCTHADS ngày 6/3/<b>2024</b> của Tổng cục Thi hành án dân sự (THADS) được đăng tải trên&nbsp;...",https://thads.moj.gov.vn/bacgiang/noidung/tintuc/lists/.../view_detail.aspx?...,https://thads.moj.gov.vn/bacgiang/noidung/tintuc/lists/.../view_detail.aspx?...,,,
21,customsearch#result,Thông báo tuyển dụng công chức trong Hệ thống Thi hành án dân ...,Thông báo <b>tuyển dụng</b> công chức trong Hệ thống Thi hành án dân ...,https://thads.moj.gov.vn/baclieu/noidung/thongbao/lists/thongbao/view_detail.aspx?itemid=421,thads.moj.gov.vn,Thông báo tuyển dụng công chức trong Hệ thống Thi hành án dân sự năm 2024. 07/03/2024. File đính kèm. 1. Thông báo tuyển dụng Hệ thống THADS năm 2024.pdf ...,Thông báo <b>tuyển dụng</b> công chức trong Hệ thống Thi hành án dân sự năm <b>2024</b>. 07/03/<b>2024</b>. File đính kèm. 1. Thông báo <b>tuyển dụng</b> Hệ thống THADS năm <b>2024</b>.pdf&nbsp;...,https://thads.moj.gov.vn/baclieu/noidung/thongbao/.../view_detail.aspx?...,https://thads.moj.gov.vn/baclieu/noidung/thongbao/.../view_detail.aspx?...,,,
22,customsearch#result,thông báo tuyển dụng công chức trong hệ thống thads năm 2024,thông báo <b>tuyển dụng</b> công chức trong hệ thống thads năm <b>2024</b>,https://thads.moj.gov.vn/thanhhoa/noidung/thongbao/lists/thongbao/view_detail.aspx?itemid=685,thads.moj.gov.vn,"Mar 12, 2024 ... THÔNG BÁO TUYỂN DỤNG CÔNG CHỨC TRONG HỆ THỐNG THADS NĂM 2024 · 1. Thông báo tuyển dụng Hệ thống THADS năm 2024.pdf · 2. Chỉ tiêu thi tuyển Tổng ...","Mar 12, 2024 <b>...</b> THÔNG BÁO <b>TUYỂN DỤNG</b> CÔNG CHỨC TRONG HỆ THỐNG THADS NĂM <b>2024</b> &middot; 1. Thông báo <b>tuyển dụng</b> Hệ thống THADS năm <b>2024</b>.pdf &middot; 2. Chỉ tiêu thi tuyển Tổng&nbsp;...",https://thads.moj.gov.vn/thanhhoa/noidung/thongbao/.../view_detail.aspx?...,https://thads.moj.gov.vn/thanhhoa/noidung/thongbao/.../view_detail.aspx?...,,,
23,customsearch#result,Thông báo tuyển dụng viên chức Trường Cao đẳng Luật miền ...,Thông báo <b>tuyển dụng</b> viên chức Trường Cao đẳng Luật miền ...,https://www.moj.gov.vn/qt/thongbao/Pages/thong-bao.aspx?ItemID=2696,www.moj.gov.vn,Thông báo tuyển dụng viên chức Trường Cao đẳng Luật miền Trung năm 2024. Xem chi tiết tại file đính kèm./. File đính kèm. Thong bao tuyen dung vien chuc_0001 ...,Thông báo <b>tuyển dụng</b> viên chức Trường Cao đẳng Luật miền Trung năm <b>2024</b>. Xem chi tiết tại file đính kèm./. File đính kèm. Thong bao tuyen dung vien chuc_0001&nbsp;...,https://www.moj.gov.vn/qt/thongbao/Pages/thong-bao.aspx?ItemID=2696,https://www.moj.gov.vn/qt/thongbao/Pages/thong-bao.aspx?ItemID=2696,"[{'src': 'https://encrypted-tbn0.gstatic.com/images?q=tbn:ANd9GcSdwxvPqu42_cpDbxOyYxQ15-xifv5eiJ9HjtqARMokXpG-Qmqc0qVIQEA&s', 'width': '260', 'height': '194'}]","[{'viewport': 'width=device-width, initial-scale=1'}]",[{'src': 'https://www.moj.gov.vn/qt/hinhanhvideo/ThuVienAnh/tp-1-9628.jpg'}]
24,customsearch#result,Thông báo tuyển dụng viên chức năm 2023 của Học viện Tư pháp,Thông báo <b>tuyển dụng</b> viên chức năm 2023 của Học viện Tư pháp,https://www.moj.gov.vn/qt/thongbao/Pages/thong-bao.aspx?ItemID=2319,www.moj.gov.vn,Chi tiết xem tài liệu đính kèm. File đính kèm. 1 thong bao tuyen dung vien chuc nam 2023.pdf · MAU PHIEU DANG KY DU TUYEN 06 4 2023 ...,Chi tiết xem tài liệu đính kèm. File đính kèm. 1 thong bao tuyen dung vien chuc nam 2023.pdf &middot; MAU PHIEU DANG KY DU TUYEN 06 4 2023&nbsp;...,https://www.moj.gov.vn/qt/thongbao/Pages/thong-bao.aspx?ItemID=2319,https://www.moj.gov.vn/qt/thongbao/Pages/thong-bao.aspx?ItemID=2319,"[{'src': 'https://encrypted-tbn0.gstatic.com/images?q=tbn:ANd9GcRmAOOyZXLzen_hjg_ID0npK8dNlqQ3wLVdoN8y8cnIJgB38oVGh7UCpg&s=0', 'width': '143', 'height': '96'}]","[{'viewport': 'width=device-width, initial-scale=1'}]",[{'src': 'https://www.moj.gov.vn/qt/hinhanhvideo/ThuVienAnh/trienkhailuatthudo23%20(1).jpg'}]
25,customsearch#result,Thông báo,Thông báo,https://thads.moj.gov.vn/longan/noidung/thongbao/lists/thongbao/view_detail.aspx,thads.moj.gov.vn,Chi cục THADS huyện Châu Thành thông báo số 578/TB-CCTHADS ngày 08.6.2024 về việc tuyển dụng lao động (20/06/2024) · Chi cục THADS huyện Châu Thành thông báo số ...,Chi cục THADS huyện Châu Thành thông báo số 578/TB-CCTHADS ngày 08.6.<b>2024</b> về việc <b>tuyển dụng</b> lao động (20/06/<b>2024</b>) &middot; Chi cục THADS huyện Châu Thành thông báo số&nbsp;...,https://thads.moj.gov.vn/longan/noidung/thongbao/lists/.../view_detail.aspx,https://thads.moj.gov.vn/longan/noidung/thongbao/lists/.../view_detail.aspx,,,
26,customsearch#result,Thông báo,Thông báo,https://thads.moj.gov.vn/phuyen/noidung/thongbao/lists/thongbao/view_detail.aspx,thads.moj.gov.vn,... tuyển dụng hợp động nhân viên Lái xe (15/03/2024). Thông báo tuyển dụng công ... Thông báo về việc tuyển dụng hợp đồng lao động của Chi cục THADS huyện Tây Hòa ...,... <b>tuyển dụng</b> hợp động nhân viên Lái xe (15/03/<b>2024</b>). Thông báo <b>tuyển dụng</b> công ... Thông báo về việc <b>tuyển dụng</b> hợp đồng lao động của Chi cục THADS huyện Tây Hòa&nbsp;...,https://thads.moj.gov.vn/phuyen/noidung/thongbao/lists/.../view_detail.aspx,https://thads.moj.gov.vn/phuyen/noidung/thongbao/lists/.../view_detail.aspx,,,
27,customsearch#result,62/TB-TCTHADS ngày 06/3/2024 Tuyển dụng công chức trong hệ ...,62/TB-TCTHADS ngày 06/3/<b>2024 Tuyển dụng</b> công chức trong hệ ...,https://thads.moj.gov.vn/gialai/noidung/thongbao/lists/thongbao/view_detail.aspx?itemid=276,thads.moj.gov.vn,"Mar 8, 2024 ... Tổng cục Thi hành án dân sự thông báo số: 62/TB-TCTHADS ngày 06/3/2024 Tuyển dụng công chức trong hệ thống Thi hành án dân sự năm 2024 · 1.","Mar 8, 2024 <b>...</b> Tổng cục Thi hành án dân sự thông báo số: 62/TB-TCTHADS ngày 06/3/<b>2024 Tuyển dụng</b> công chức trong hệ thống Thi hành án dân sự năm <b>2024</b> &middot; 1.",https://thads.moj.gov.vn/gialai/noidung/thongbao/lists/.../view_detail.aspx?...,https://thads.moj.gov.vn/gialai/noidung/thongbao/lists/.../view_detail.aspx?...,,,
28,customsearch#result,Thông báo,Thông báo,https://thads.moj.gov.vn/noidung/thongbao/Pages/chi-tiet-thong-bao.aspx?itemid=542&url=/noidung/thongbao/Lists/ThongBaoKhac,thads.moj.gov.vn,... tuyển Kỳ tuyển dụng công chức trong Hệ thống THADS năm 2024. File đính kèm. Danh muc tai lieu tham khao.pdf · TB 120 03.4.2024.pdf. Ngày: 04/04/2024. thông báo.,... tuyển Kỳ <b>tuyển dụng</b> công chức trong Hệ thống THADS năm <b>2024</b>. File đính kèm. Danh muc tai lieu tham khao.pdf &middot; TB 120 03.4.<b>2024</b>.pdf. Ngày: 04/04/<b>2024</b>. thông báo.,https://thads.moj.gov.vn/noidung/thongbao/.../chi-tiet-thong-bao.aspx?...,https://thads.moj.gov.vn/noidung/thongbao/.../chi-tiet-thong-bao.aspx?...,"[{'src': 'https://encrypted-tbn0.gstatic.com/images?q=tbn:ANd9GcTpTnjgECQiLQUyNlu4kksmtPzyJ6bfKiWI38nOKeEr4ja-1puLfLfCsA&s', 'width': '220', 'height': '100'}]","[{'viewport': 'width=device-width, initial-scale=1'}]",[{'src': 'https://tinnhiemmang.vn/handle_cert?id=thads.moj.gov.vn'}]
29,customsearch#result,Thông báo tuyển dụng công chức vào làm tại các cơ quan THADS,Thông báo <b>tuyển dụng</b> công chức vào làm tại các cơ quan THADS,https://thads.moj.gov.vn/quangninh/noidung/thongbao/lists/thongbao/view_detail.aspx?itemid=103,thads.moj.gov.vn,"Mar 7, 2024 ... Thông báo tuyển dụng công chức vào làm tại các cơ quan THADS · 1. Thông báo tuyển dụng Hệ thống THADS năm 2024.pdf · 2. Chỉ tiêu thi tuyển Tổng ...","Mar 7, 2024 <b>...</b> Thông báo <b>tuyển dụng</b> công chức vào làm tại các cơ quan THADS &middot; 1. Thông báo <b>tuyển dụng</b> Hệ thống THADS năm <b>2024</b>.pdf &middot; 2. Chỉ tiêu thi tuyển Tổng&nbsp;...",https://thads.moj.gov.vn/quangninh/noidung/thongbao/.../view_detail.aspx?...,https://thads.moj.gov.vn/quangninh/noidung/thongbao/.../view_detail.aspx?...,,,
